[
  {
    "id": "2697a512-6ea7-4272-9039-1ce2982389dc",
    "data": [
      {
        "text": "Ok, I\u0027m ready to order",
        "userDefined": false
      }
    ],
    "isTemplate": false,
    "count": 0,
    "lang": "en",
    "updated": 0
  },
  {
    "id": "c3818eeb-4223-439b-888c-8ae3bb19d8a5",
    "data": [
      {
        "text": "ok I want to order",
        "userDefined": false
      }
    ],
    "isTemplate": false,
    "count": 1,
    "lang": "en",
    "updated": 0
  },
  {
    "id": "5b28de90-e0b2-4fe3-b50e-b1721048154f",
    "data": [
      {
        "text": "ok order",
        "userDefined": false
      }
    ],
    "isTemplate": false,
    "count": 0,
    "lang": "en",
    "updated": 0
  },
  {
    "id": "c51589af-515f-4e18-bd56-eba044326e2e",
    "data": [
      {
        "text": "I\u0027m ready to order",
        "userDefined": false
      }
    ],
    "isTemplate": false,
    "count": 0,
    "lang": "en",
    "updated": 0
  },
  {
    "id": "87512d11-6ab4-4b9f-9fd8-a7eb3f29fa62",
    "data": [
      {
        "text": "start ordering",
        "userDefined": false
      }
    ],
    "isTemplate": false,
    "count": 0,
    "lang": "en",
    "updated": 0
  },
  {
    "id": "80be10d0-52cd-4276-96cb-af837bb03986",
    "data": [
      {
        "text": "ready to order",
        "userDefined": false
      }
    ],
    "isTemplate": false,
    "count": 0,
    "lang": "en",
    "updated": 0
  }
]