[
  {
    "id": "2cbbe52f-c6cf-49e9-9e81-dd5d7ba3278b",
    "data": [
      {
        "text": "start choosing dishes",
        "userDefined": false
      }
    ],
    "isTemplate": false,
    "count": 0,
    "lang": "en",
    "updated": 0
  },
  {
    "id": "aed775c6-3c22-4379-b626-72d3b748a592",
    "data": [
      {
        "text": "I wish to start choosing",
        "userDefined": false
      }
    ],
    "isTemplate": false,
    "count": 0,
    "lang": "en",
    "updated": 0
  },
  {
    "id": "4fb5236b-df7b-4f25-9354-436eca83d618",
    "data": [
      {
        "text": "Understood",
        "userDefined": false
      }
    ],
    "isTemplate": false,
    "count": 0,
    "lang": "en",
    "updated": 0
  },
  {
    "id": "8c70fae6-321c-4ddf-8ec8-1f4a35d5b9e0",
    "data": [
      {
        "text": "Understood! I wish to start choosing the dishes",
        "userDefined": false
      }
    ],
    "isTemplate": false,
    "count": 0,
    "lang": "en",
    "updated": 0
  }
]