[
  {
    "id": "d523868d-a4a4-4df3-8e4b-4b29c5f5c04e",
    "data": [
      {
        "text": "10",
        "meta": "@sys.number",
        "alias": "amountBudgeted",
        "userDefined": false
      }
    ],
    "isTemplate": false,
    "count": 0,
    "lang": "en",
    "updated": 0
  },
  {
    "id": "b84b54aa-4908-4361-8daa-9e827f0e2616",
    "data": [
      {
        "text": "1",
        "meta": "@sys.number",
        "alias": "amountBudgeted",
        "userDefined": false
      }
    ],
    "isTemplate": false,
    "count": 0,
    "lang": "en",
    "updated": 0
  },
  {
    "id": "f7240ddc-3e41-406a-9ad2-51e3355a8bd3",
    "data": [
      {
        "text": "200",
        "meta": "@sys.number",
        "alias": "amountBudgeted",
        "userDefined": true
      }
    ],
    "isTemplate": false,
    "count": 0,
    "lang": "en",
    "updated": 0
  },
  {
    "id": "107c7a46-2e51-47a2-90d8-4a14b89ad524",
    "data": [
      {
        "text": "100.00",
        "meta": "@sys.number",
        "alias": "amountBudgeted",
        "userDefined": true
      }
    ],
    "isTemplate": false,
    "count": 0,
    "lang": "en",
    "updated": 0
  }
]