[
  {
    "id": "c9a52bef-bb0a-42b0-8f8f-dfdcbbcb5d75",
    "data": [
      {
        "text": "1000",
        "meta": "@sys.number",
        "alias": "pax",
        "userDefined": false
      }
    ],
    "isTemplate": false,
    "count": 0,
    "lang": "en",
    "updated": 0
  },
  {
    "id": "da01daf6-2ab7-4d1a-8833-c1d58a35eb16",
    "data": [
      {
        "text": "200",
        "meta": "@sys.number",
        "alias": "pax",
        "userDefined": false
      }
    ],
    "isTemplate": false,
    "count": 0,
    "lang": "en",
    "updated": 0
  },
  {
    "id": "b724e278-7b20-4f97-8342-a9c09eaac40f",
    "data": [
      {
        "text": "6",
        "meta": "@sys.number",
        "alias": "pax",
        "userDefined": false
      }
    ],
    "isTemplate": false,
    "count": 0,
    "lang": "en",
    "updated": 0
  },
  {
    "id": "628fcbcd-9a55-4bf6-ba2f-8e1813288ae6",
    "data": [
      {
        "text": "20",
        "meta": "@sys.number",
        "alias": "pax",
        "userDefined": true
      },
      {
        "text": " pax",
        "userDefined": false
      }
    ],
    "isTemplate": false,
    "count": 0,
    "lang": "en",
    "updated": 0
  },
  {
    "id": "b2628fe0-5a0a-4346-aeb4-f83340da2c34",
    "data": [
      {
        "text": "10",
        "meta": "@sys.number",
        "alias": "pax",
        "userDefined": true
      }
    ],
    "isTemplate": false,
    "count": 0,
    "lang": "en",
    "updated": 0
  }
]