[
  {
    "id": "eb346d93-901b-485f-b96e-64adcaaac6b5",
    "data": [
      {
        "text": "any recommendations?",
        "userDefined": false
      }
    ],
    "isTemplate": false,
    "count": 0,
    "lang": "en",
    "updated": 0
  },
  {
    "id": "9c99bfb1-8282-4e2c-8d80-3cee8e400152",
    "data": [
      {
        "text": "recommend me something",
        "userDefined": false
      }
    ],
    "isTemplate": false,
    "count": 0,
    "lang": "en",
    "updated": 0
  },
  {
    "id": "9720b9ca-5498-44c0-b951-cd46bba40538",
    "data": [
      {
        "text": "Recommend a buffet menu",
        "userDefined": false
      }
    ],
    "isTemplate": false,
    "count": 0,
    "lang": "en",
    "updated": 0
  }
]