[
  {
    "value": "BBQ SIZZLE",
    "synonyms": [
      "BBQ SIZZLE"
    ]
  },
  {
    "value": "BENTO SET",
    "synonyms": [
      "BENTO SET"
    ]
  },
  {
    "value": "HEALTHIER CHOICE",
    "synonyms": [
      "HEALTHIER CHOICE"
    ]
  },
  {
    "value": "MINI BUFFET",
    "synonyms": [
      "MINI BUFFET"
    ]
  },
  {
    "value": "OFFICE SHARING COMBO",
    "synonyms": [
      "OFFICE SHARING COMBO"
    ]
  },
  {
    "value": "PERANAKAN HERITAGE",
    "synonyms": [
      "PERANAKAN HERITAGE"
    ]
  },
  {
    "value": "REGULAR BUFFET",
    "synonyms": [
      "REGULAR BUFFET"
    ]
  },
  {
    "value": "SEMINAR PACKAGE",
    "synonyms": [
      "SEMINAR PACKAGE"
    ]
  },
  {
    "value": "TEA RECEPTION",
    "synonyms": [
      "TEA RECEPTION"
    ]
  },
  {
    "value": "VEGAN DELIGHT",
    "synonyms": [
      "VEGAN DELIGHT"
    ]
  }
]