[
  {
    "value": "House Warming",
    "synonyms": [
      "House warming",
      "house warming",
      "house party",
      "house gathering"
    ]
  },
  {
    "value": "Baby Full Month",
    "synonyms": [
      "Baby shower",
      "baby first month"
    ]
  },
  {
    "value": "Charity",
    "synonyms": [
      "Charity",
      "charity",
      "fund raising"
    ]
  },
  {
    "value": "Birthday",
    "synonyms": [
      "birthday party",
      "birthday"
    ]
  },
  {
    "value": "Corporate Function",
    "synonyms": [
      "Corporate Function"
    ]
  },
  {
    "value": "Praying",
    "synonyms": [
      "Praying"
    ]
  },
  {
    "value": "Wedding",
    "synonyms": [
      "Wedding"
    ]
  },
  {
    "value": "100th Day Celebration",
    "synonyms": [
      "100th Day Celebration"
    ]
  },
  {
    "value": "Festival Celebration",
    "synonyms": [
      "Festival Celebration"
    ]
  },
  {
    "value": "BBQ",
    "synonyms": [
      "BBQ"
    ]
  },
  {
    "value": "Church Function",
    "synonyms": [
      "Church Function"
    ]
  },
  {
    "value": "Gathering",
    "synonyms": [
      "Gathering"
    ]
  },
  {
    "value": "Funeral",
    "synonyms": [
      "Funeral"
    ]
  },
  {
    "value": "School Function",
    "synonyms": [
      "School Function"
    ]
  },
  {
    "value": "Seminars",
    "synonyms": [
      "Seminars"
    ]
  },
  {
    "value": "Events",
    "synonyms": [
      "Events"
    ]
  },
  {
    "value": "Meetings",
    "synonyms": [
      "Meetings"
    ]
  },
  {
    "value": "CNY",
    "synonyms": [
      "CNY"
    ]
  },
  {
    "value": "Xmas",
    "synonyms": [
      "Xmas"
    ]
  }
]